{"graph": {"_type": "graph-file", "path": "media/graph/graph_summary_9558ec22.graph.json", "sha256": "9558ec22ff34974d1531e52030cdf2d8a87b4db857064955ac88a7bf17724759", "size": 1318}, "_timestamp": 1588916856.2184634, "epoch": 9, "loss": NaN, "accuracy": 0.3671875, "_step": 9, "val_loss": NaN, "_runtime": 4.5903894901275635, "val_accuracy": 0.8984375, "best_val_loss": 0.668624222278595, "best_epoch": 0}
