{"graph": {"_type": "graph-file", "path": "media/graph/graph_summary_6f818560.graph.json", "sha256": "6f81856020e576034c23528bd5c8cc156872ed948db82ecb89f721130ae37682", "size": 1318}, "epoch": 185, "loss": NaN, "accuracy": 0.37109375, "val_loss": NaN, "val_accuracy": 0.8984375, "_step": 185, "_runtime": 33.63087725639343, "_timestamp": 1589153312.5528476, "best_val_loss": 0.4269423186779022, "best_epoch": 4}
