{"graph": {"_type": "graph-file", "path": "media/graph/graph_summary_6f818560.graph.json", "sha256": "6f81856020e576034c23528bd5c8cc156872ed948db82ecb89f721130ae37682", "size": 1318}, "accuracy": 0.3671875, "loss": NaN, "_timestamp": 1589158165.4990969, "val_accuracy": 0.8984375, "_step": 99, "_runtime": 19.546894550323486, "val_loss": NaN, "epoch": 99, "best_val_loss": 0.5663209557533264, "best_epoch": 7}
