{"graph": {"_type": "graph-file", "path": "media/graph/graph_summary_6f818560.graph.json", "sha256": "6f81856020e576034c23528bd5c8cc156872ed948db82ecb89f721130ae37682", "size": 1318}, "accuracy": 0.37109375, "_timestamp": 1589164606.5898457, "loss": NaN, "_runtime": 19.552921295166016, "epoch": 99, "val_accuracy": 0.8984375, "_step": 99, "val_loss": NaN, "best_loss": 0.9536335468292236, "best_epoch": 6}
