{"graph": {"_type": "graph-file", "path": "media/graph/graph_summary_2fd61545.graph.json", "sha256": "2fd615455316596fc27e7c8a158b02e6052dcc379f1781f732b5c25fab34040c", "size": 5477}, "val_loss": NaN, "epoch": 99, "_runtime": 534.6670937538147, "_timestamp": 1589159192.5949638, "val_accuracy": 0.796875, "_step": 99, "loss": NaN, "accuracy": 0.369140625, "best_val_loss": 1.0071622133255005, "best_epoch": 52}
