{"graph": {"_type": "graph-file", "path": "media/graph/graph_summary_6f818560.graph.json", "sha256": "6f81856020e576034c23528bd5c8cc156872ed948db82ecb89f721130ae37682", "size": 1318}, "accuracy": 0.369140625, "_step": 99, "epoch": 99, "loss": NaN, "val_accuracy": 0.8984375, "_timestamp": 1589164506.5864828, "_runtime": 72.34717273712158, "val_loss": NaN, "best_loss": 0.9155312478542328, "best_epoch": 10}
