{"graph": {"_type": "graph-file", "path": "media/graph/graph_summary_6f818560.graph.json", "sha256": "6f81856020e576034c23528bd5c8cc156872ed948db82ecb89f721130ae37682", "size": 1318}, "_runtime": 146.09976625442505, "_timestamp": 1588922442.8615367, "epoch": 999, "val_loss": NaN, "val_accuracy": 0.8984375, "_step": 999, "accuracy": 0.369140625, "loss": NaN, "best_val_loss": 0.8260113000869751, "best_epoch": 1}
