{"graph": {"_type": "graph-file", "path": "media/graph/graph_summary_6f818560.graph.json", "sha256": "6f81856020e576034c23528bd5c8cc156872ed948db82ecb89f721130ae37682", "size": 1318}, "_runtime": 1593.0007400512695, "val_accuracy": 0.6796875, "_step": 9999, "epoch": 9999, "accuracy": 0.37109375, "_timestamp": 1589176767.6206305, "loss": NaN, "val_loss": NaN, "best_loss": 1.9452781677246094, "best_epoch": 1}
