{"graph": {"_type": "graph-file", "path": "media/graph/graph_summary_6f818560.graph.json", "sha256": "6f81856020e576034c23528bd5c8cc156872ed948db82ecb89f721130ae37682", "size": 1318}, "val_loss": 0.7072688341140747, "epoch": 9, "_runtime": 5.386904716491699, "_step": 9, "accuracy": 0.5234375, "loss": 1.004292070865631, "_timestamp": 1588916060.563157, "val_accuracy": 0.1875, "best_val_loss": 0.6604673266410828, "best_epoch": 7}
