{"graph": {"_type": "graph-file", "path": "media/graph/graph_summary_6f818560.graph.json", "sha256": "6f81856020e576034c23528bd5c8cc156872ed948db82ecb89f721130ae37682", "size": 1318}, "_step": 999, "loss": NaN, "val_loss": NaN, "accuracy": 0.37109375, "_runtime": 133.20057129859924, "epoch": 999, "_timestamp": 1588917383.1695974, "val_accuracy": 0.59765625, "best_val_loss": 0.6199424266815186, "best_epoch": 5}
