{"graph": {"_type": "graph-file", "path": "media/graph/graph_summary_6f818560.graph.json", "sha256": "6f81856020e576034c23528bd5c8cc156872ed948db82ecb89f721130ae37682", "size": 1318}, "_timestamp": 1588916179.893809, "epoch": 9, "loss": NaN, "accuracy": 0.37109375, "_step": 9, "val_loss": NaN, "_runtime": 4.835466623306274, "val_accuracy": 0.8359375, "best_val_loss": 0.8604140877723694, "best_epoch": 3}
